Provincia;Nome;Indirizzo;Città;CAP;Telefono
Verona;Auditorium Comunale;Piazza San Francesco 1;Villafranca di Verona;37069;457902901
Verona;Auditorium Mario Pigozzi;Via Fabbrica;Tregnago;37039;456508630
Verona;Centro Polifunzionale;Via Oratorio 2;Villa Bartolomea;37049;
Verona;Chiesetta di Sant'Antonio Abate;Via Roma;Casaleone;37052;349-4741219
Verona;Cinema Teatro Alba;Via Santa Elisabetta 6;Verona;37137;45956861
Verona;Cinema Teatro Alcione;Via Verdi 20;Verona;37131;0458400848 - 0458006100
Verona;Cinema Teatro Astra;Via Carlo Alberto 2;Bovolone;37051;457100063
Verona;Cinema Teatro Capitan Bovo;Via Rimembranza 2/b;Isola della Scala;37063;457302667
Verona;Cinema Teatro Cristallo Multisala;Corso Italia 9;San Bonifacio;37047;456133077
Verona;Cinema Teatro Don Mazza;Via Chiesa 19;San Pietro in Cariano;37029;3452754509
Verona;Cinema Teatro Ferrini;Via Papesso 10;Cologna Veneta;37044;442412758
Verona;Cinema Teatro Nuovo;Via Teatro Nuovo;Caprino Veronese;37013;3288959874
Verona;Cinema Teatro Nuovo San Michele;Via Monti 7c;Verona;37132;45974244
Verona;Cinema Teatro Rizza;Piazza 24 Febbraio (La Rizza);Verona;37062;3421686746
Verona;Cinema Teatro Salus;Via Pier Domenico Frattini 14;Legnago;37045;044221350 - 3356159841
Verona;Cinema Teatro San Massimo;Via Brigata Aosta 8;Verona;37100;458902596
Verona;Cinema Teatro Santa Teresa;Via Molinara 23;Verona;37135;045508380 - 3471114009
Verona;Cinema Teatro Stimate;Via Montanari 1;Verona;37122;458000878
Verona;Cinema Teatro Valpantena;Piazza Carlo Ederle 1;Grezzana;37023;458650227
Verona;Cinema Teatro Verdi;Corso Garibaldi 37;Villafranca di Verona;37069;457901799
Verona;Cinema Teatro Virtus;Via Ospedaletto 4 (Giardini);Sommacampagna;37066;3497795283 - 3382622057
Verona;Cinema Teatro Vittoria;Piazza Marconi;Bosco Chiesanuova;37021;045 6780383 - 0457050088
Verona;Dim Teatro Comunale;Via San Martino 4 (loc. Sandra');Castelnuovo del Garda;37014;457599049
Verona;Gardaland Theatre;Localita' Ronchi;Castelnuovo del Garda;37014;456449555
Verona;Piastra Polivalente Loris Romano;Piazza della Pace;Casaleone;37052;442328714
Verona;Piccolo Teatro di Giulietta;Via Cappello 23;Verona;37121;458006100
Verona;Prova Rama;Via Capuccina;Castagnaro;3511;0411 5412674
Verona;Regione Test Interno;Via caneve;Villa Bartolomea;51254;
Verona;Sala Convegni Nascimbeni;Via Nascimbeni 12 (Castelletto);Brenzone;37010;456598700
Verona;Sala Miro';Corso Vittorio Emanuele 31;Villafranca di Verona;37069;457902844
Verona;Sala Polifunzionale Parrocchiale;Corso Fracaroli 14;Villa Bartolomea;37049;44291014
Verona;Sala Polivalente di Caselle;Via Scuole 49;Sommacampagna;37066;045 8971357
Verona;Teatro Astra;Via Roma 3/b;San Giovanni Lupatoto;37057;459250825
Verona;Teatro Beato Monsignor Nascimbeni;Via Monsignor Nascimbeni c/o Teatro Parrocchiale (Castelletto);Brenzone;37010;457430163
Verona;Teatro Camploy;Via Cantarane 32;Verona;37100;458009549
Verona;Teatro Centrale;Via Marconi 9;San Bonifacio;37047;457613382
Verona;Teatro Cerro;Piazza Don Angelo Vinco 2;Cerro Veronese;37020;3482502992 - 3922565954
Verona;Teatro Comunale di Asparetto;Piazza A. Manzoni 1 (Asparetto);Cerea;37050;3465252052
Verona;Teatro Comunale di Cologna Veneta;Piazza del Mandamento;Cologna Veneta;37044;44285165
Verona;Teatro Corallo;Via 4 Spade 19;Verona;37121;45595990
Verona;Teatro Corallo;Via Fosse 13 (Parrocchia);Bardolino;37011;456210819
Verona;Teatro Dante;Via Verona 8 (San Pietro);Legnago;37045;3341313691 - 3385944136
Verona;Teatro dell'Angelo;Via Vivaldi 21 (Vallese);Oppeano;37050;457134704
Verona;Teatro del Movieland Park;Località Fossalta 58;Lazise;37017;456969900
Verona;Teatro di Corbiolo;Via Don Antonio Squaranti 11;Bosco Chiesanuova;37021;045 7050838
Verona;Teatro di Velo;Piazza Vittoria 2;Velo Veronese;37030;457835566
Verona;Teatro Filarmonico;Via Dei Mutilati 4/k;Verona;37122;0458005151 - 0458009108 (x settembre accademia)
Verona;Teatro Filippini;Vicolo Dietro Campanile Filippini 1;Verona;37121;45592709
Verona;Teatro Furioli;Via Casella;Malcesine;37018;456570499
Verona;Teatro Gaetano Zinetti;Interno Castello 2;Sanguinetto;37058;0442/81066
Verona;Teatro Glisenti;Via Pescheroa 4;Colognola ai Colli;37030;
Verona;Teatro Guido Bianchi;Piazza degli Alpini;Pescantina;37026;456764255
Verona;Teatro K2;Piazza Vittoria 15;Casaleone;37052;0442 331713
Verona;Teatro Karol Wojtyla;Piazza Marconi 3 (Santo Stefano);Zimella;37040;442490011
Verona;Teatro Laboratorio all'Arsenale;Piazza Arsenale;Verona;37126;045 8031321
Verona;Teatro Mignon;Piazza Madonna della Salute (Porto);Legnago;37045;3283688610
Verona;Teatro Nuovo;Piazza ViViani 10;Verona;37121;458006100
Verona;Teatro Parrocchiale;Piazza Nuova 3;Bussolengo;37012;457150541
Verona;Teatro Parrocchiale;Via Crosarola 17;Fumane;37022;3358182712 - 3331766845
Verona;Teatro Parrocchiale Circolo Noi San Martino;Via Rossini 1/1;Salizzole;37056;3345860344
Verona;Teatro Parrocchiale di Beccacivetta;Via Mascagni 21;Castel d'Azzano;37060;459215911
Verona;Teatro Parrocchiale di Bonavicina;Piazza Marconi;San Pietro di Morubio;37050;0456969000 (biblioteca)
Verona;Teatro Parrocchiale di Malcesine;Via Parrocchia 14;Malcesine;37018;457400065
Verona;Teatro Parrocchiale di Negrar;Via don Sempreboni 4;Negrar;37024;457500060
Verona;Teatro Parrocchiale di S. Maria Ausiliatrice;Via Prati 10 (Ponte Crencano);Verona;37138;45913422
Verona;Teatro Parrocchiale Giovanni Paolo II;Piazza San Rocco 16;San Pietro in Cariano;37029;349 5278704 (preferibilmente ore pasti)
Verona;Teatro Parrocchiale Salus;Via D. Bertini 68 (Ca'degli Oppi);Oppeano;37050;457130010
Verona;Teatro Parrocchiale Villa;Piazza della Chiesa 2;San Giovanni Ilarione;37035;457465010
Verona;Teatro Peroni;Piazza del Popolo 24;San Martino Buon Albergo;37036;45990108
Verona;Teatro Pisciotta;Via Vittorio Veneto;Casaleone;37052;442328714
Verona;Teatro Ristori;Via Teatro Ristori 7;Verona;37122;045 6930000
Verona;Teatro Sala Canossa;Via Albertini 4 (Borgo Trieste);Verona;37131;45525307
Verona;Teatro Salieri;Via XX Settembre 26;Legnago;37045;44225477
Verona;Teatro San Lorenzo;Piazza IV Novembre 24;Minerbe;37046;442642334
Verona;Teatro San Martino;Via Rovigo 159 (Vigo);Legnago;37045;044222291 - 044223130
Verona;Teatro Silvano Caliari;Piazza della Chiesa (Bure);San Pietro in Cariano;37029;045-6801682 e 338-6000334
Verona;Teatro Smeraldo;Piazza San Rocco 8;Valeggio sul Mincio;37067;045 7951880 - 045 7950999
Verona;Teatro Sociale;Corso Fraccaroli 54;Villa Bartolomea;37049;457134704
Verona;Teatro SS.Trinità;Via SS.Trinita' 4;Verona;37122;458005823
Verona;Teatro Tartaro San Martino;Piazza IV Novembre 2;Povegliano Veronese;37064;
Vicenza;Auditorium Centro Servizi Comunale;Via Roma;Chiuppano;36010;0445 891062 (int.1)
Vicenza;Auditorium Comunale;Piazzale degli Alpini;Piovene Rocchette;36013;445696450
Vicenza;Auditorium Comunale;Via Alessandro Volta 2;Chiampo;36072;444475234
Vicenza;Auditorium Comunale;Via Marconi;Marano Vicentino;36035;445598861
Vicenza;Auditorium Comunale Antonio Vivaldi;Via Monte Pertica;Cassola;36022;0424530201/17/18
Vicenza;Auditorium delle Scuole Elementari;Via Compans 9;Carrà;36010;445893045
Vicenza;Auditorium Fonato;Via C. del Prete 37;Thiene;36016;445804911
Vicenza;Cinema Teatro Araceli;Borgo Scroffa 20;Vicenza;36100;444514253
Vicenza;Cinema Teatro Arcobaleno;Via Fogazzaro 27;Torrebelvicino;36036;3487257862
Vicenza;Cinema Teatro Arena;Via San Gaetano 10;Sandrigo;36066;0444659469 - 3336244254
Vicenza;Cinema Teatro Astra;Via Battaglione Val Leogra 45;Schio;36015;445525577
Vicenza;Cinema Teatro Aurora;Via Chiesa 36;Malo;36034;445606100
Vicenza;Cinema Teatro Aurora;Via Roma;Sossano;36040;348 5163511
Vicenza;Cinema Teatro Busnelli;Via Dante Alighieri 30;Dueville;36031;444592225
Vicenza;Cinema Teatro Campana;Via Vittorio Veneto 2;Marano Vicentino;36035;445560719
Vicenza;Cinema Teatro Famiglia;Via Matteotti 2;Noventa Vicentina;36025;444787124
Vicenza;Cinema Teatro Grillo Parlante;Via Monsignor Domenico Bortoli 8;Asiago;36012;424462279
Vicenza;Cinema Teatro Jacopo Da Ponte;Piazzale Cadorna 34/A;Bassano del Grappa;36061;424529477
Vicenza;Cinema Teatro Lux;Via Marconi 20;Camisano Vicentino;36043;444411411
Vicenza;Cinema Teatro Lux;Via Matteotti 21;Asiago;36012;424462279
Vicenza;Cinema Teatro Marconi;Via Marconi 12;Isola Vicentina;36033;444977225
Vicenza;Cinema Teatro Palladio;Via Busibollo (Cesuna);Roana;36010;424694361
Vicenza;Cinema Teatro Parrocchiale di Carrà;Piazza XI Febbraio 6;Carrà;36010;0445891075 (parrocchia)
Vicenza;Cinema Teatro Patronato San Gaetano;Via S. Maria Maddalena 94;Thiene;36016;445361965
Vicenza;Cinema Teatro Primavera;Via Antonio Federico Ozanam 3;Vicenza;36100;444964060
Vicenza;Cinema Teatro San Marco;Contra' San Francesco 76;Vicenza;36100;444921560
Vicenza;Cinema Teatro San Pietro;Via G.Matteotti 48;Montecchio Maggiore;36075;444696044
Vicenza;Cinema Teatro San Pio X;Viale San Pio X 5;Cartigliano;36050;424590233
Vicenza;Cinema Teatro Super;Viale Trento 28;Valdagno;36078;445401909
Vicenza;Cinema Teatro Verdi;Via Maglietta 1;Breganze;36042;445300185
Vicenza;Cineteatro Don Bosco;Via Riva;Arsiero;36011;0445 740164
Vicenza;CSC - S. Bonaventura;Viale delle Fosse;Bassano del Grappa;36061;0424 217819 /804
Vicenza;Garage Nardini - CSC Casa Della Danza;Via Torino 9;Bassano del Grappa;36061;0424 217819 /804
Vicenza;GRUPPO TEATRALE LA TRAPPOLA;Via Riello 86;Vicenza;36100;3333154999
Vicenza;Kitchen Teatro Indipendente;Via dell'Edilizia 72;Vicenza;36100;0444301167 - 3355625286
Vicenza;Palazzo della Cultura e del Turismo;Via Chiesa;Enego;36052;424490319
Vicenza;Piccolo Teatro di Ospedaletto;Via Girotto 6 (Ospedaletto);Vicenza;36100;3335612379
Vicenza;Sala Aurora;Via Chiesa di Piana 5 (Piana);Valdagno;36078;445430012
Vicenza;Sala Centro Socio Culturale;Piazzale Aldo Moro;Zanà;36010;0445 385102
Vicenza;Sala Concerti Conservatorio Arrigo Pedrollo;Contra' San Domenico 33;Vicenza;36100;0444 507551
Vicenza;Sala Conferenze Nuovo Centro Culturale;Via Monte Ortigara 19;Carrà;36010;445893045
Vicenza;Sala della Comunita';Via Carbonara 30 (Vo');Brendola;36040;444401132
Vicenza;Sala Giusto Geremia;Via Trieste 5/A;Pojana Maggiore;36026;444898033
Vicenza;Sala Lux;Via Bocca 20;Castelgomberto;36070;
Vicenza;Sala Oratorio Don Bosco;Via San Marco;Gambellara;36053;444444026
Vicenza;Sala Papa Luciani;Piazzale Chiesa 3;Romano d'Ezzelino;36060;
Vicenza;Sala Papa Luciani;Via Roma 2/C;San Zenone degli Ezzelini;31020;423567744
Vicenza;Sala Parrocchiale;Via Roma 15;Albettone;36020;0444 790037
Vicenza;Sala Parrocchiale di Cogollo del Cengio;Via Don Luigi Agostini 5;Cogollo del Cengio;36010;445880007
Vicenza;Sala Parrocchiale Sant'Antonio;Via Castello;Brogliano;36070;445444047
Vicenza;Sala San Lazzaro;Via P. L. da Palestrina 82;Vicenza;36100;0444 562830
Vicenza;Sala Teatro Parrocchia S.Antonio ai Ferrovieri;Via Rismondo Francesco 2;Vicenza;36100;444569223
Vicenza;Teatro Ariston;Via Roma 11;Bolzano Vicentino;36050;0444 1830743
Vicenza;Teatro Astra;Contra' delle Barche 53;Vicenza;36100;444323725
Vicenza;Teatro Astra;Viale Martiri 46;Bassano del Grappa;36061;
Vicenza;Teatro Berico;Via IV Novembre;Barbarano Vicentino;36021;
Vicenza;Teatro Ca'Balbi;Via Marco da Montegallo 4;Vicenza;36100;444912779
Vicenza;Teatro Cardinale Elia Dalla Costa;Via Cardinal Dalla Costa 26;Villaverla;36030;
Vicenza;Teatro Centro Giovanile;Via Santa Maria 28;Santorso;36014;0445 640005
Vicenza;Teatro Civico di Schio;Via Pietro Maraschin 19;Schio;36015;445525577
Vicenza;Teatro Comunale;Via Roma 23;Recoaro Terme;36076;445793380
Vicenza;Teatro Comunale Citta' di Vicenza;Viale Mazzini 39;Vicenza;36100;444327393
Vicenza;Teatro Comunale di Lonigo;Piazza Matteotti 1;Lonigo;36045;444835010
Vicenza;Teatro Comunale di Thiene;Viale Francesco Bassani;Thiene;36016;445804943
Vicenza;Teatro di Arcugnano;Via San Giustina;Arcugnano;36057;3395037391
Vicenza;Teatro Gioia;Via Pagello 6;Caldogno;36030;3400572206
Vicenza;Teatro Gnoato;Via Lanzarini (Parrocchia Sacro Cuore);Romano d'Ezzelino;36060;424572384
Vicenza;Teatro Mattarello;Via Mazzini 22;Arzignano;36071;0444453315 - 3479505506
Vicenza;Teatro Millepini;Via Millepini 1 c/o Palazzo del Turismo Millepini;Asiago;36012;424460003
Vicenza;Teatro Modernissimo;Via Broli;Noventa Vicentina;36025;444861234
Vicenza;Teatro Montegrappa;Via Capitano Alessio 7;Rosà;36027;42485577
Vicenza;Teatro Olimpico;Contra' San Pietro 67;Vicenza;36100;444222800
Vicenza;Teatro Parrocchiale;ViaBorgo Brusa' 3;Pojana Maggiore;36026;0444 898138
Vicenza;Teatro Parrocchiale di Chiampo;Via San Martino 35;Chiampo;36072;444623012
Vicenza;Teatro Parrocchiale di Grumolo delle Abbadesse;Piazza Giovanni XXIII 5;Grumolo delle Abbadesse;36040;444580063
Vicenza;Teatro Pasubio;Via Pietro Maraschin 77;Schio;36015;445531700
Vicenza;Teatro Remondini;Via SS.Trinità 8/C;Bassano del Grappa;36061;424505444
Vicenza;Teatro San Giuseppe;Via del Mercato Nuovo 41;Vicenza;36100;
Vicenza;Teatro San Sebastiano;Via Roma;Valli del Pasubio;36030;445590176
Vicenza;Teatro Sant'Antonio;Via Pieve 6;Montecchio Maggiore;36075;0444 705737
Vicenza;Teatro Spazio Bixio;Via Mameli 4;Vicenza;36100;444322525
Vicenza;Teatro Verdi;Piazza Vittorio Veneto 29;Costabissara;36030;444971688
Vicenza;Teatro Zuccato;Strada della Chiesa di Polegge 84;Vicenza;36100;444595533
Belluno;Alexander Girardi Hall;Via Marangoni 1;Cortina d'Ampezzo;32043;0436 881812-875501
Belluno;Auditorium Cos.Mo;Via Arsenale 15 c/o Museo dell'Occhiale;Pieve di Cadore;32044;
Belluno;Auditorium dell'Istituto Canossiano;Viale Montegrappa 1;Feltre;32023;4392292
Belluno;Auditorium Monsignor Vincenzo Savio;Piazzetta Garibaldi;Agordo;32021;0437 62143
Belluno;Centro Culturale di Quero;Via Nazionale 17/a;Quero;32030;439787097
Belluno;Centro Giovani;Via Ferd;Lamon;32033;04397941 (centr comune)
Belluno;Cinema Teatro della Casa della Gioventu';Piazza Papa Luciani 7 (Caviola);Puos d'Alpago;32015;437454650
Belluno;Cinema Teatro Dont;(Dont);Forno di Zoldo;32012;
Belluno;Cinema Teatro Eden;Via Cesare Battisti 46;Cortina d'Ampezzo;32043;436881851
Belluno;Cinema Teatro Eden;Via degli Alpini 31 (Tai);Pieve di Cadore;32044;43532184
Belluno;Cinema Teatro Italia;Via Garibaldi 8;Belluno;32100;437943164
Belluno;Cinema Teatro Kursaal;Via Roma 26;Auronzo di Cadore;32041;0435400702 - 043562274
Belluno;Cinema Teatro Piave;Via Venezia 19;Santo Stefano di Cadore;32045;43562274
Belluno;Sala Congressi;Corso Italia 19;San Vito di Cadore;32046;
Belluno;Sala Convegni;Borgata Cima;Sappada;32047;435469126
Belluno;Sala Polifunzionale;Via Di Piano 30A (Dosoledo);Comelico Superiore;32040;43568264
Belluno;Sala Polifunzionale di Soverzene;Via Val Gallina 5;Soverzene;32010;0437 998118
Belluno;Sala Polivalente della Biblioteca;Via San Francesco;Alano di Piave;32031;439778718
Belluno;Sala San Gaetano;Via Pian delle Feste 43 (Castion);Belluno;32100;437925127
Belluno;Sala Teatro Giovanni XXIII;Piazza Piloni 11;Belluno;32100;437944460
Belluno;Teatro Comunale di Belluno;Piazza Vittorio Emanuele II;Belluno;32100;0437940349 (biglietteria) - 0437943303 (ufficio)
Belluno;Teatro de la Sena;Piazza Maggiore c/o Palazzo della Ragione;Feltre;32032;0439 885242
Belluno;Teatro Don Bosco;Via Trento Trieste;Lamon;32033;0439/9085
Belluno;Teatruto di Costalissoio;Via Santo Stefano;Santo Stefano di Cadore;32045;
Treviso;Alcuni Teatro Sant'anna;Viale Brigata Treviso 18;Treviso;31100;422421142
Treviso;Auditorium Collegio Immacolata;Via Madonna 20;Conegliano;31015;
Treviso;Auditorium Comunale;Piazza Ercole Bottani 3;Volpago del Montello;31040;0423 873483
Treviso;Auditorium Comunale Comisso;Via Guidini 52;Zero Branco;31059;422485518
Treviso;Auditorium della Fondazione Benetton;Via Cornarotta 7-9;Treviso;31100;4225121
Treviso;Auditorium della Scuola Primaria di Via Basse;Via Basse;Casier;31030;422493073
Treviso;Auditorium Dina Orsi;Via Luigi Einaudi 136 (Pare');Conegliano;31015;438413365
Treviso;Auditorium Don Enrico Vidotto;Viale Caccianiga 2;Maserada sul Piave;31052;0422778041 - 3472776424
Treviso;Auditorium Galleria Mario del Monaco;Piazza Europa 1 (Catena);Villorba;31020;4226179814
Treviso;Auditorium Parrochiale;Via Roma 42;Silea;31057;422360070
Treviso;Auditorium Santo Stefano;Via Cal Nova;Farra di Soligo;31010;438901580
Treviso;Auditorium Scuole Medie;Via Vivaldi 31;Roncade;31056;0422 846257 - 0422707142
Treviso;Auditorium Stefanini;Viale Terza Armata 35 c/o Scuole Medie Stefanini;Treviso;31100;422658320
Treviso;Auditorium Toniolo;Via Galilei 23 c/o Centro Culturale Humanitas;Conegliano;31015;0438451736 - 0438413365
Treviso;Centro Polifunzionale Pro Loco;Via Masetto 13;Povegliano;31050;0422 770692
Treviso;Centro Polivalente Andrea Palladio;Via Roma 28;Cessalto;31040;0421 327110 - 0421 327767
Treviso;Centro Sociale di Fregona;Piazza 2 giugno 1;Fregona;31010;0438 916821
Treviso;Cinema Teatro Astori;Via Guglielmo Marconi 22;Mogliano Veneto;31021;041 5987111
Treviso;Cinema Teatro Aurora;Via Venier 32;Treviso;31100;422404701
Treviso;Cinema Teatro Busan;Via Don Bosco 41;Mogliano Veneto;31021;415905024
Treviso;Cinema Teatro Cristallo;Via Dante 2;Orsago;31010;3897860721 - 0438990997
Treviso;Cinema Teatro Cristallo;Via Garibaldi 44;Oderzo;31046;422712163
Treviso;Cinema Teatro Edison;Vicolo XX Settembre 13;Treviso;31100;422542330
Treviso;Cinema Teatro Giovanni XXIII;Piazza Giovanni XXIII;Cornuda;31041;423638108
Treviso;Cinema Teatro Manzoni;Via Cesare Battisti 21;Paese;31038;422452218
Treviso;Cinema Teatro Multisala Verdi;Via Lioni 8;Vittorio Veneto;31029;0438 551899
Treviso;Cinema Teatro Sanson;Piazza Martiri della Libertà;Vedelago;31050;
Treviso;La conigliera;Via Palà 11;Resana;31023;347.5180387 - 348.7368696 - 347.5251058
Treviso;Padiglione Ex Filanda;Via Mareno 1;Santa Lucia di Piave;31025;438466180
Treviso;Palateatro;Via Cave 15/A (Fontane);Villorba;31020;4226179814
Treviso;Patronato Cinema Teatro Costantini Fiorentini;Piazza XI febbraio 1 (Ceneda);Vittorio Veneto;31029;438556837
Treviso;Sala Cinema Teatro Parrocchiale;Piazza Vittorio Emanuele III 12;Arcade;31030;0422 774092
Treviso;Sala della Ragione;Via Cornaro;Asolo;31011;423524637
Treviso;Sala Don Bosco;Via Mioni 6;San Polo di Piave;31020;
Treviso;Sala Oratorio Beato Giuliana;Via Chiesa 4;Susegana;31058;3285649223
Treviso;Sala Parrocchiale;Via Chiesa 20;Loria;31037;
Treviso;Sala Parrocchiale;Via Ugo Foscolo 3(San Cipriano);Roncade;31056;0422 707164
Treviso;Sala Polifunzionale;Piazza G. Marconi 2;San Fior;31020;43876556
Treviso;Sala Polifunzionale Visentin;Via Roma;Loria;31037;0423 456716
Treviso;Sala Polivalente Pio X;Piazza Vittorio Emanuele II 11 c/o La casa della comunità;Villorba;31020;422928950
Treviso;Sala Teatro Casa del Giovane;Via Cal Trevigiana 3 (Venegazzu');Volpago del Montello;31040;0423 620138
Treviso;Sala Venturin;Via Lourdes 78;Conegliano;31015;43822427
Treviso;Salone della scuola materna;Via San Giovanni Bosco 39 c/o Scuola Materna;Sarmede;31010;0438 582139
Treviso;Salone Dottor Foresti;Via Venozzi 5;Volpago del Montello;31040;0423 620138
Treviso;Salone Parrocchiale;Via Campei 1;Gaiarine;31018;43475062
Treviso;Teatro Accademia;Piazza G.B. Cima 5;Conegliano;31015;43822880
Treviso;Teatro Accademico;Via Garibaldi;Castelfranco Veneto;31033;423735660
Treviso;Teatro Binotto;Via Anassillide 5 (Biadene c/o Villa Pisani);Montebelluna;31044;42323048
Treviso;Teatro Brandolini;Viale Brandolini 6 c/o Collegio Brandolini;Oderzo;31046;422712041
Treviso;Teatro Careni;Via Guglielmo Marconi 16;Pieve di Soligo;31053;438964868
Treviso;Teatro Comunale di Trevignano;Via Giacomo Puccini 1 (Falze');Trevignano;31040;423672842
Treviso;Teatro Comunale Francesconi;Via Vittorio Veneto 51;Cordignano;31016;0438779774/75
Treviso;Teatro Comunale Mario del Monaco di Treviso;Corso del Popolo 31;Treviso;31100;0422 410130
Treviso;Teatro dei Rinnovati;Via Browning 177;Asolo;31011;0423952115 - 3338032037
Treviso;Teatro delle Voci;Via Tre Venezie 17 (Villaggio San Liberale);Treviso;31100;
Treviso;Teatro di Sarmede;Giuseppe Mazzini 16A;Sarmede;31026;4381890449
Treviso;Teatro Eden;Via Monterumici;Treviso;31100;422513310
Treviso;Teatro Elonora Duse;Piazzetta Eleonora Duse c/o Castello Caterina Cornaro;Asolo;31011;0423952361 - 041412500
Treviso;Teatro Istituto Salesiano Sardagna;Via Roma 33;Castello di Godego;31030;423468935
Treviso;Teatro Lorenzo da Ponte;Via Martiri della Liberta';Vittorio Veneto;31029;
Treviso;Teatro Maffioli;Via Montello 61 c/o Villa Benzi Zecchini;Caerano di San Marco;31031;423650509
Treviso;Teatro Parrocchiale;Piazza San Lorenzo 7 (Padernello);Paese;31038;0422 959019
Treviso;Teatro Parrocchiale;Via Nazionale 2;Spresiano;31027;0422 725031
Treviso;Teatro Sociale;Via Garbizza 5;Treviso;31100;
Venezia;Auditorium Della Biblioteca;Via Roma 159;Ceggia;30022;0421 329621
Venezia;Auditorium Distretto Scolastico Mirano;Via Matteotti 35;Mirano;3035;
Venezia;Auditorium Don Agostino Tonniati;Via Ippolito Nievo 20;Fossalta di Portogruaro;30025;421249539
Venezia;Auditorium Leonardo Da Vinci;Piazza Indipendenza 13;San Donà di Piave;30027;421590222
Venezia;Auditorium Lippiello;Via Ciardi 45 (Mestre - Cipressina);Venezia;30174;
Venezia;Auditorium Palaplip;Via San Dona' 195;Venezia;30174;041 262016
Venezia;Auditorium San Nicolo';Calle San Nicolo';Chioggia;30015;41402487
Venezia;Auditorium Santa Margherita;Dorsoduro 3689;Venezia;30123;412349906
Venezia;Auditorium Sbrogio';Via Gobbi 19 (Favaro Veneto);Venezia;30173;41630993
Venezia;Aula Itis Volterra;Via Milano 9;San Donà di Piave;30027;
Venezia;Cafe' Sconcerto Sala Teatro;Via Santa Margarita 7/a (Chirignago);Venezia;30174;415441839
Venezia;Centro Civico;Piazzale San Vittore;Annone Veneto;30020;422769076
Venezia;Centro Culturale Candiani;Piazzale Candiani 7 (Mestre);Venezia;30174;412386126
Venezia;Centro Culturale De Andrà;Piazza IV Novembre 2;Marcon;30020;0415997144/7150
Venezia;Centro Culturale Kolbe;Via Aleardi156 (Mestre);Venezia;30172;415314717
Venezia;Centro PADS;Via Vittorio Veneto 75/B;San Donà di Piave;30027;O421330739 - 3384878333
Venezia;Cinema Teatro ai Bersaglieri;Via Roma 221;Spinea;30038;41992500
Venezia;Cinema Teatro Astra;Via Giannino Ancillotto 16;San Donà di Piave;30027;
Venezia;Cinema Teatro Corso;Corso del Popolo 30 (Mestre);Venezia;30172;41986722
Venezia;Cinema Teatro Don Bosco;Via XIII Martiri 86;San Donà di Piave;30027;421338911
Venezia;Cinema Teatro Italia;Via Comunetto 13-15;Dolo;30031;041411151-3452684808
Venezia;Cinema Teatro La Rondine;Piazza IV Novembre 49 (Maerne);Martellago;30030;041 640555 - 3485671730
Venezia;Cinema Teatro Oratorio Robegano;Via XXV aprile 61;Salzano;30030;41482248
Venezia;Cinema Teatro Spes;Piazza Vittoria 43;Martellago;30030;415400541
Venezia;Fuoriposto;Via Felisati 70/c (Mestre);Venezia;30172;3482932772
Venezia;Monitoraggio;;Venezia;;
Venezia;Pala Arrex;Piazza Brescia 11;Jesolo;30016;0421.382007 - 0421.370688
Venezia;Palagalileo;Lungomare Marconi 30 (Lido);Venezia;30126;412420330
Venezia;REGIONEVENETOTEATRI;;Venezia;30010;
Venezia;Sala Barbazza;Via Gioberti 1;Spinea;30038;041 990283
Venezia;Sala Centro Civico Alvise da Mosto;Piazza Indipendenza 1;Torre di Mosto;30020;0421 324391 - 0421 324440
Venezia;Sala Cinema Teatro Parrocchiale;Viale Venezia 4;Annone Veneto;30020;422769025
Venezia;Sala dell'Oratorio di Giai;Via IV Novembre (Giai);Gruaro;30020;
Venezia;Sala dell'Oratorio San Domenico Savio;Via Roma;Gruaro;30020;
Venezia;Sala Parrocchia del Cuore Immacolato;Via Altobello 4 (Mestre - Altobello);Venezia;30172;41980161
Venezia;Sala Parrocchiale di Gambarare;Via Chiesa 29;Mira;30034;41421088
Venezia;Sala Parrochiale Albino Luciani;Via Molino;Torre di Mosto;30020;
Venezia;Sala Polifunzionale;Piazza Dal Ben 9;Gruaro;30020;421206371
Venezia;Sala Polivalente di Vigonovo;Via Veneto 2;Vigonovo;30030;
Venezia;Sala Polivalente Madre Teresa di Calcutta;Via dei Tigli 7 (Tombelle);Vigonovo;30030;49502690
Venezia;Sala San Marco;Via Chiesa 18/a (Trivignano);Venezia;30174;Parrocchia 041908508
Venezia;Sala Teatro Centro Civico;Via San Pio X 4 (Bojon);Campolongo Maggiore;30010;495849134
Venezia;Sala Teatro Oratorio Casa Gioia;Piazza della Vittoria 40;Fossalta di Piave;30020;3476877256
Venezia;Sala Valentino;(Campalto) c/o Villaggio Laguna;Venezia;30173;41900342
Venezia;Salone della Scuola dell'infanzia San Luigi;Piazza Rizzo 55;San Donà di Piave;30027;
Venezia;Teatrino Groggia;Sant'Alvise Cannaregio 3161;Venezia;31161;412710052
Venezia;Teatrino Via Pasini;Via Luigi Pasin 5/a (Marghera);Venezia;30175;41932421
Venezia;Teatrino Zero;Via Don Carraro c/o Ex scuola Calvino;Spinea;30038;041 5071371
Venezia;Teatro ai Frari;Calle drio l'Archivio San Polo 2464/Q;Venezia;30125;41710487
Venezia;Teatro Antonio Vivaldi;Via del Bersagliere 10;Jesolo;30016;0421359142/143/145
Venezia;Teatro Astra;;Chioggia;30015;
Venezia;Teatro Aurora;Via Padre Egidio Gelain 11 (Marghera);Venezia;30175;41932421
Venezia;Teatro Carlo Goldoni;Sestiere San Marco 4650;Venezia;30124;412402011
Venezia;Teatro Cinema C;Via Primo Maggio 50;Concordia Sagittaria;30023;421270360
Venezia;Teatro Comunale;Piazza Mercato 1;Pianiga;30030;0415196235-237
Venezia;Teatro Comunale;Via Roma n.5 (Villa Ca'Farsetti);Santa Maria di Sala;30036;041487550 (uff. cultura)
Venezia;Teatro Comunale Citta' di Mirano;Via della Vittoria 75;Mirano;30035;414355536
Venezia;Teatro Comunale di Ca?Savio;Piazza Giovanni paolo II 1;Cavallino-Treporti;30013;412909726
Venezia;Teatro Dario Fo;Piazza Castellaro 36;Camponogara;30010;415150631
Venezia;Teatro della Murata;Via Giordano Bruno 19;Venezia;30174;41989879
Venezia;Teatro della Scuola Steineriana;Riviera Bosco Piccolo 40 (Oriago);Mira;30034;041472509 - 0415631080
Venezia;Teatro del Parco;Via Gori 8 (Mestre Parco della Bissuola);Venezia;30173;0413969220/230
Venezia;Teatro di Ca'Foscari;Santa Marta Dorsoduro 2137;Venezia;30123;412348962
Venezia;Teatro Don Bosco;Calle Don Bosco 361;Chioggia;30015;41400365
Venezia;Teatro Elios Aldo';Via Cercariolo 42;Scorzè;30037;415840175
Venezia;Teatro Fondamenta Nuove;Sestiere Cannaregio 5013;Venezia;30121;415224498
Venezia;Teatro Goldoni;Via Umberto I 12;Cavarzere;30014;
Venezia;Teatro Junghans;Campo Junghans Giudecca 494/B;Venezia;30133;412411974
Venezia;Teatro La Fenice;Campo San Fantin San Marco 1965;Venezia;30124;call center 0412424 - uffici 041786511
Venezia;Teatro La Perla;Lungomare Marconi 4 c/o Palazzo del Casinò (Lido);Venezia;30126;412420330
Venezia;Teatro Luigi Russolo;Piazzetta Marconi;Portogruaro;30026;0421270069 - 0421276555
Venezia;Teatro Mabilia;Via Spalti 1 (Mestre) c/o Casa di Riposo;Venezia;30174;41958876
Venezia;Teatro Malibran;Sestriere Cannaregio 5873;Venezia;30131;call center 0412424 - uffici 041786511
Venezia;Teatro Marinoni;(Lido di Venezia area ex ospedale);Venezia;30126;
Venezia;Teatro Momo;Via Dante 81;Venezia;30170;41988224
Venezia;Teatro Piccolo Arsenale;Campo della Tana;Venezia;30122;415218828
Venezia;Teatro Romano Pascutto;Via Papa Giovanni XXIII 7;Santo Stino di Livenza;30029;0421 310627
Venezia;Teatro Toniolo;Piazzetta Cesare Battisti;Venezia;30174;041971666 /0413969220
Venezia;Teatro Tullio Serafin;Via Roma 8;Cavarzere;30014;0426 317190 - 0426 52821
Venezia;Teatro Villa Belvedere;Via Belvedere 150;Mirano;30035;415798496
Venezia;Teatro Villa dei Leoni;Riviera Silvio Trentin 3;Mira;30034;414266545
Venezia;Tesa D;Dorsoduro 1392;Venezia;30123;0412345811 (centralino biblioteca)
Padova;Auditorium Alta Forum;Piazzetta Don Pianaro 7;Campodarsego;35011;499290178
Padova;Auditorium Andrea Ferrari;Via Palladio 1;Camposampiero;35012;495792082
Padova;Auditorium Comunale;Via Don Orione 4;Trebaseleghe;35010;Biblioteca 049-9385358-9319521
Padova;Auditorium Comunale;Via Valmarana 33 c/o Scuola Media Santini;Noventa Padovana;35027;498952141
Padova;Auditorium Comunale Scuola Media Mazzini;Via Garibaldi 17;Villa Estense;35040;429662287
Padova;Auditorium dell'Assunta;Via Palu' 2;Rubano;35030;49633766
Padova;Auditorium Don Mazza;Via Campagnola 2;Padova;35137;498734411
Padova;Auditorium Ramin;Via Rigotti 2: c/o Scuole Elementari Galilei;Cadoneghe;35010;049706986 Biblioteca
Padova;Auditorium Scuola Canova;Via Palladio 36;Loreggia;35010;049 9304114
Padova;Auditorium Scuola Giuseppe Ungaretti;Viale Europa 14;Borgoricco;35010;495798016
Padova;Auditorium Tortolina;Via Altinate 71 c/o Centro Culturale Altinate/San Gaetano;Padova;35121;049 8204715
Padova;Carichi Sospesi;Piazza Caduti della Resistenza 3;Padova;35138;499872683
Padova;Centro Culturale Giovanni Maria Zecchinelli;Via Roma 37;Grantorto;35010;049 5960003 (municipio) - 049 5960777 (biblioteca)
Padova;Centro Raoul Follereau;Via Vittorio Emanuele 2;Saonara;35020;498791847
Padova;Cinema Teatro Aurora;Piazza Europa 1;Campodarsego;35011;495564088
Padova;Cinema Teatro Bellini;Via Berghetta 22;Montagnana;35044;429800700
Padova;Cinema Teatro Branzo;Via Matteotti 100;Montagnana;35044;
Padova;Cinema Teatro Farinelli;Via Zanchi 5;Este;35042;4292173
Padova;Cinema Teatro Giardino;Via Roma 68;San Giorgio delle Pertiche;35010;049 5747149 - 347 8426377
Padova;Cinema Teatro La Perla;Via Mirabello 47;Torreglia;35038;0495211544 - 3299184124
Padova;Cinema Teatro Lux;Via Cavallotti 9;Padova;35124;49686443
Padova;Cinema Teatro Marconi;Via San Pio X 1;Abano Terme;35031;498601661
Padova;Cinema Teatro Marconi;Via Vittorio Emanuele II 23;Conselve;35026;499501065
Padova;Cinema Teatro Palladio;Via Montegrappa 4;Fontaniva;35014;0495941598 - 3487378377
Padova;Cinema Teatro Politeama;Via Cavour 19;Piove di Sacco;35028;499700994
Padova;Cinema Teatro Rex;Via Sant'Osvaldo 2;Padova;35127;
Padova;Cinema Teatro Ruzante;Riviera Tito Livio 45;Padova;35123;498273501
Padova;Cinema Teatro Torresino;Via Del Torresino 2;Padova;35122;498758270
Padova;MPX - Multisala Pio X;Via Bonporti 22;Padova;35141;049 8774325
Padova;Opera della Provvidenza S.Antonio;Via della Provvidenza 68;Rubano;35030;498972811
Padova;Palazzetto Polivalente;Via Pirandello 2;Albignasego;35020;498042223
Padova;Palazzo Valentinelli;Via Municipio 22;Villa Estense;35040;0429 662287
Padova;Piccolo Teatro Don Bosco;Via Asolo 2;Padova (Paltana);35142;498827288
Padova;Piccolo Teatro Tom Benetollo;Via Tonzig 9;Padova;35129;049774588 - 3286949219
Padova;Sala Civica Unione Europea;Viale del Lavoro 1;Ponte San Nicolò;35020;498961532
Padova;Sala Concordia;Piazza Matteotti 23;Anguillara Veneta;35022;(04) 9538-7007
Padova;Sala Consiliare;;Piazzola sul Brenta;35016;499697936
Padova;Sala Convegni Kursaal;Via Pietro d'Abano 18;Abano Terme;35031;498245220
Padova;Sala della Parrocchia di San Fidenzio;Via Provvidenza 98;Rubano;35030;049/8977977
Padova;Sala della Parrocchia di Santa Maria Assunta;Via Brescia 1;Rubano;35030;49630212
Padova;Sala di Maria Immacolata;Via della Pieve 31 (Sant'Eufemia);Borgoricco;35010;495798026
Padova;Sala ex-Patronato Scolastico;Via Verdi 21;Stanghella;35048;0425 458111 (comune)
Padova;Sala Forum;Via Kennedy;Curtarolo;35010;0499699913 (URP)
Padova;Sala Parrocchiale;Piazza Giovanni XXIII 4;Legnaro;35020;49641007
Padova;Sala Parrocchiale;Piazza Marconi 20 (Bastia);Rovolon;35030;499910018
Padova;Sala Parrocchiale;Via Pio XII 16;Saccolongo;35030;049 8015008
Padova;Sala Patronato Giuseppe Negri;Via Roma Est 1;Ospedaletto Euganeo;35045;42990698
Padova;Sala Patronato San Leopoldo;Via Roma 118 (Bosco);Rubano;35030;49630986
Padova;Sala Piacentini Centro Parrocchiale;Via Roma 77;Villa del Conte;35010;495744007
Padova;Sala Polivalente;Piazza 1 maggio;Codevigo;35020;
Padova;Sala Polivalente;Piazza Marconi 6;Villafranca Padovana;35010;Biblioteca 0499098914
Padova;Sala Polivalente Cavino;Via Cavino 45 (Cavino);San Giorgio delle Pertiche;35010;499370076
Padova;Sala Polivalente Comunale;Via Palà Inferiore 4;Brugine;35020;495806309
Padova;Sala polivalente - Corte da Zara;Via Conselvana 97;Maserà di Padova;35020;049 8864 116
Padova;Sala Polivalente San Carlo;Via Carlo Agostini 22;Padova;35133;498643103
Padova;Sala Teatro Falcone Borsellino;Via Roma 44;Limena;35010;049 8844 314
Padova;Tam - Teatro alle Maddalene;Via San Giovanni di Verdara 40;Padova;35137;48725423
Padova;Teatro ai Colli;Via Monte Lozzo 16 (Brusegana);Padova;35143;49720298
Padova;Teatro Aldo Rossi;Viale Europa 12;Borgoricco;35010;0499336321 - 0499337930 (uff.cultura)
Padova;Teatro Antonianum;Via A. Briosco 7;Padova;35123;049 8933109
Padova;Teatro Auditorium;Via Dante 2;Piazzola sul Brenta;35016;
Padova;Teatro Carlo Goldoni;Piazza Unita' D'Italia;Bagnoli di Sopra;35023;347 9756989
Padova;Teatro Comunale Polivalente;Via Donati 1;Abano Terme;35031;498245220
Padova;Teatro Congressi;Largo Marconi 16;Abano Terme;35031;498666111
Padova;Teatro dei Filodrammatici;Calle della Musica 13;Este;35042;042951551 - 3487221972
Padova;Teatro de Linutile;Via Agordat 5;Padova;35138;492022907
Padova;Teatro del Palazzo del Turismo;Via Scavi 14;Montegrotto Terme;35036;49793411
Padova;Teatro Filarmonico;Via Cardano 7;Piove di Sacco;35028;495840177
Padova;Teatro Parrocchiale;Via Chiesa di Bresega 108 (Bresega);Ponso;35040;42995071
Padova;Teatro Parrocchiale Bresseo-Treponti;Via Papa Luciani 25;Teolo;35037;3485544744
Padova;Teatro Quirino De Giorgio;Piazza Zanella 1;Vigonza;35010;3298990903
Padova;Teatro San Clemente;Via Messico;Padova;35127;049 650294
Padova;Teatro Sociale di Cittadella;Via Indipendenza 19;Cittadella;35013;3480090061
Padova;Teatro Studio;Via Sorio 116;Padova;35100;049 8725757
Padova;Teatro Verdi;Via dei Livello32;Padova;35139;Bigl 04987770213 - Centr 0498777011
Padova;Villa Pisani Scalabrin Bolognesi;Via Roma 19;Vescovana;35040;425920016
Rovigo;Auditorium di Santa Maria Maddalena;Via Amendola;Occhiobello;45030;340 3077258
Rovigo;Centro Culturale Mario Vittorio Rossi;Piazzale San Benedetto 74;Costa di Rovigo;45023;0425497272 (centralino comune)
Rovigo;Cinema Teatro Circolo Noi Santa Sofia;Piazzale Duomo 2;Lendinara;45026;425642309
Rovigo;Cinema Teatro Duomo;Vicolo Duomo 5;Rovigo;45100;0425 22861
Rovigo;Cinema Teatro Indipendenza;Via Municipale 66;Castelnovo Bariano;45030;42581281
Rovigo;Cinema Teatro Mignon;Via Fratelli Baccari 37;Lendinara;45026;425641168
Rovigo;Cinema Teatro Padri Francescani;Via Angeli;Adria;45011;
Rovigo;Cinema Teatro Politeama;Corso Vittorio Emanuele 209;Adria;45011;42641777
Rovigo;Cine Teatro Santa Sofia;Piazza XX Settembre 1;Canaro;45034;0425940021 - 3358400942
Rovigo;Sala Eracle;Corso Risorgimento 1;Porto Viro;45014;426325754
Rovigo;Sala Europa;Piazza Aldo Moro 24;Villadose;45010;425405206
Rovigo;Sala Flumina;Piazza San Bartolomeo 18 c/o Museo dei Grandi Fiumi;Rovigo;45100;0425 25077
Rovigo;Sala Parrocchiale;Via Roma;Castelguglielmo;45020;0425707072 - 3283017959
Rovigo;Sala Parrocchiale di Ceregnano;Piazza Marconi 238;Ceregnano;45010;425476045
Rovigo;Teatro Beato Contardo Ferrini;Piazza Casellati 3;Adria;45011;42640151
Rovigo;Teatro Comunale;Via Berlinguer 42;Bosaro;45033;425932029
Rovigo;Teatro Comunale;Via Cavallotti 33;Occhiobello;45030;3498464714
Rovigo;Teatro Comunale;Via Roma 66;Canaro;45034;0425 940016 (int1)
Rovigo;Teatro Comunale Ballarin;Via Gian Battista Conti 4;Lendinara;45026;0425 642552
Rovigo;Teatro Comunale di Adria;Piazza Cavour 13;Adria;45011;4269411
Rovigo;Teatro Cotogni;Piazza Vittorio Veneto;Castelmassa;45035;425846711
Rovigo;Teatro di Pezzoli;Piazza Giovanni XXIII 60;Ceregnano;45010;
Rovigo;Teatro Don Bosco;Viale Marconi 5;Rovigo;45100;0425 33337
Rovigo;Teatro Ferruccio Martini;Piazza Garibaldi;Trecenta;45027;0425716126 -0425701089
Rovigo;Teatro Sala Europa;Via D. Alighieri n. 8;Taglio di Po;45019;426347111
Rovigo;Teatro San Benedetto;Piazza S. Benedetto (Grignano Polesine);Rovigo;45100;425494516
Rovigo;Teatro San Bortolo;Piazza San Bartolomeo 17;Rovigo;45100;42524934
Rovigo;Teatro Sociale Centro Parrocchiale;Piazza Marco d'AViano;Loreo;45017;0426669137 (canonica)/ 3400909747(salagiochi)
Rovigo;Teatro Sociale di Rovigo;Piazza Garbialdi 31;Rovigo;45100;042527853 - 042521734
Rovigo;Teatro Sociale Eugenio Balzan;Piazza Vittorio Emanuele II;Badia Polesine;45021;42551923
Rovigo;Teatro Studio;Viale Oroboni 14;Rovigo;45100;425070643
Rovigo;Teatro Trieste;Via Roma 62;Porto Viro;45014;